Country,Site,Variable,Unit,Hazard_Key,SSP1-2.6_2020s,SSP1-2.6_2030s,SSP1-2.6_2040s,SSP1-2.6_2050s,SSP1-2.6_2060s,SSP1-2.6_2070s,SSP1-2.6_2080s,SSP1-2.6_2090s,SSP2-4.5_2020s,SSP2-4.5_2030s,SSP2-4.5_2040s,SSP2-4.5_2050s,SSP2-4.5_2060s,SSP2-4.5_2070s,SSP2-4.5_2080s,SSP2-4.5_2090s,SSP3-7.0_2020s,SSP3-7.0_2030s,SSP3-7.0_2040s,SSP3-7.0_2050s,SSP3-7.0_2060s,SSP3-7.0_2070s,SSP3-7.0_2080s,SSP3-7.0_2090s,SSP5-8.5_2020s,SSP5-8.5_2030s,SSP5-8.5_2040s,SSP5-8.5_2050s,SSP5-8.5_2060s,SSP5-8.5_2070s,SSP5-8.5_2080s,SSP5-8.5_2090s
Korea,HQ Seoul,Daily Max Temperature,degC,Heat Wave (Tmax C),13.784,14.508,14.715,15.26,15.056,15.173,15.433,15.267,13.395,14.071,14.635,15.516,15.631,15.812,16.347,16.088,13.628,14.348,14.2,15.198,15.668,16.559,17.203,17.875,13.594,14.314,15.229,15.88,16.617,17.53,18.49,19.343
Korea,HQ Seoul,Daily Min Temperature,degC,Cold Wave (Tmin C),7.49,8.259,8.399,8.929,8.866,8.674,9.097,8.874,7.101,7.899,8.497,9.136,9.292,9.525,9.862,9.776,7.289,8.113,7.948,8.75,9.256,10.179,10.916,11.45,7.458,8.024,8.858,9.554,10.232,11.073,11.992,12.932
Korea,HQ Seoul,Near-Surface Air Temperature,degC,Mean Temp (Tas C),10.734,11.489,11.68,12.208,12.055,12.058,12.358,12.181,10.386,11.104,11.671,12.409,12.581,12.758,13.205,13.045,10.565,11.332,11.159,12.058,12.571,13.442,14.121,14.716,10.633,11.286,12.134,12.816,13.534,14.375,15.322,16.186
Korea,HQ Seoul,Precipitation,mm/day,Heavy Rain (Pr mm/day),2.938,2.881,2.779,2.974,3.186,2.415,3.247,2.758,2.382,2.63,3.097,3.012,2.991,2.747,2.636,2.955,2.536,2.963,2.854,3.085,3.029,3.009,3.271,2.953,3.177,2.941,2.742,3.191,3.054,3.234,3.34,3.694
Korea,HQ Seoul,Evapotranspiration,mm/day,Drought (Evap mm/day),2.357,2.443,2.513,2.52,2.523,2.363,2.54,2.53,2.3,2.328,2.411,2.505,2.485,2.489,2.518,2.546,2.24,2.3,2.286,2.325,2.356,2.395,2.476,2.457,2.389,2.35,2.422,2.513,2.472,2.544,2.59,2.681
Korea,HQ Seoul,Snowfall Flux,mm/day,Snowfall (Prsn mm/day),0.07,0.04,0.061,0.037,0.036,0.048,0.034,0.051,0.078,0.037,0.037,0.029,0.03,0.019,0.031,0.031,0.047,0.043,0.051,0.038,0.034,0.014,0.018,0.013,0.071,0.047,0.037,0.028,0.015,0.005,0.007,0.002
Korea,HQ Seoul,Near-Surface Wind Speed,m/s,Wind Speed (m/s),2.496,2.489,2.549,2.469,2.52,2.552,2.478,2.514,2.518,2.454,2.425,2.436,2.464,2.482,2.493,2.495,2.423,2.446,2.483,2.446,2.495,2.412,2.372,2.427,2.486,2.517,2.466,2.5,2.478,2.466,2.413,2.409
Korea,HQ Seoul,Sea Surface Height Anomaly,cm,Sea Level (cm),35.3,36.869,35.067,33.231,34.447,35.552,34.685,34.43,35.584,35.582,36.071,35.892,34.554,32.338,32.404,30.992,36.216,37.818,36.979,35.999,34.685,35.137,37.596,38.425,35.0,35.729,35.42,35.837,33.881,36.708,36.863,38.132
Korea,HQ Seoul,Total Runoff,mm/day,Runoff (mrro mm/day),0.776,0.598,0.503,0.709,0.848,0.353,0.857,0.517,0.378,0.479,0.852,0.697,0.791,0.446,0.399,0.599,0.537,0.808,0.774,0.961,0.889,0.849,1.022,0.784,0.961,0.767,0.555,0.937,0.856,0.999,0.972,1.276
Korea,HQ Seoul,Soil Moisture upper layer,kg/m2,Soil Moisture (kg/m2),22.841,22.232,21.979,21.961,22.016,19.599,21.906,21.26,22.007,22.001,22.76,22.095,21.861,21.398,20.781,21.483,22.316,23.17,23.125,22.57,21.932,22.089,23.076,21.429,24.078,21.676,21.816,22.398,21.503,21.453,21.664,22.867
Korea,HQ Seoul,Near-Surface Specific Humidity,g/kg,Spec Humidity (g/kg),7.061,7.377,7.475,7.686,7.663,7.312,7.763,7.593,6.888,7.195,7.498,7.807,7.823,7.966,8.044,8.042,6.993,7.402,7.331,7.669,7.856,8.33,8.82,8.979,7.184,7.23,7.611,8.005,8.224,8.643,9.204,9.829
Korea,HQ Seoul,Surface Downwelling SW Rad,W/m2,Solar Rad (rsds W/m2),176.442,181.668,185.052,187.235,185.299,190.657,187.058,189.704,175.61,176.527,178.319,183.067,183.779,183.926,187.797,186.238,172.083,168.596,169.298,171.718,172.317,173.122,173.601,177.53,172.924,179.001,180.573,181.452,184.373,185.452,186.977,186.998
Korea,R&D Seongnam,Daily Max Temperature,degC,Heat Wave (Tmax C),13.009,13.753,13.885,14.462,14.298,14.122,14.58,14.368,12.639,13.33,13.862,14.661,14.683,14.899,15.337,15.219,12.822,13.588,13.356,14.203,14.748,15.553,16.159,16.639,12.884,13.442,14.357,15.0,15.477,16.356,17.275,18.071
Korea,R&D Seongnam,Daily Min Temperature,degC,Cold Wave (Tmin C),9.97,10.769,10.898,11.478,11.351,11.18,11.594,11.426,9.587,10.368,10.92,11.649,11.745,11.963,12.346,12.229,9.766,10.498,10.32,11.113,11.664,12.527,13.221,13.68,9.874,10.384,11.34,11.992,12.571,13.404,14.361,15.19
Korea,R&D Seongnam,Near-Surface Air Temperature,degC,Mean Temp (Tas C),11.593,12.359,12.495,13.071,12.911,12.753,13.184,12.998,11.215,11.951,12.495,13.253,13.31,13.518,13.944,13.814,11.388,12.136,11.925,12.745,13.302,14.122,14.774,15.226,11.481,12.012,12.941,13.583,14.109,14.952,15.886,16.69
Korea,R&D Seongnam,Precipitation,mm/day,Heavy Rain (Pr mm/day),2.875,2.877,2.695,2.773,2.835,2.654,3.051,2.931,2.365,2.68,3.046,3.015,2.975,2.795,2.801,2.926,2.304,3.035,2.955,2.914,2.896,2.938,3.478,2.869,3.086,2.462,3.072,3.285,3.278,2.897,3.505,3.305
Korea,R&D Seongnam,Evapotranspiration,mm/day,Drought (Evap mm/day),2.415,2.528,2.612,2.628,2.623,2.603,2.619,2.68,2.415,2.416,2.483,2.6,2.603,2.6,2.679,2.694,2.301,2.35,2.388,2.395,2.497,2.533,2.579,2.662,2.434,2.449,2.526,2.644,2.645,2.732,2.797,2.881
Korea,R&D Seongnam,Snowfall Flux,mm/day,Snowfall (Prsn mm/day),0.038,0.034,0.026,0.029,0.018,0.029,0.018,0.026,0.042,0.027,0.02,0.018,0.022,0.019,0.019,0.017,0.043,0.025,0.032,0.022,0.018,0.016,0.009,0.009,0.039,0.025,0.019,0.02,0.015,0.008,0.007,0.005
Korea,R&D Seongnam,Near-Surface Wind Speed,m/s,Wind Speed (m/s),3.698,3.687,3.763,3.681,3.731,3.7,3.687,3.705,3.742,3.614,3.579,3.608,3.654,3.644,3.65,3.704,3.599,3.606,3.671,3.597,3.68,3.551,3.504,3.544,3.703,3.747,3.614,3.68,3.657,3.621,3.528,3.556
Korea,R&D Seongnam,Sea Surface Height Anomaly,cm,Sea Level (cm),,,,,,,,,,,,,,,,,,,,,,,,,,,,,,,,
Korea,R&D Seongnam,Total Runoff,mm/day,Runoff (mrro mm/day),0.454,0.442,0.257,0.347,0.364,0.353,0.555,0.462,0.161,0.312,0.61,0.515,0.569,0.334,0.407,0.425,0.174,0.631,0.638,0.599,0.502,0.512,1.024,0.493,0.676,0.218,0.621,0.799,0.856,0.519,0.904,0.731
Korea,R&D Seongnam,Soil Moisture upper layer,kg/m2,Soil Moisture (kg/m2),23.314,21.712,21.828,21.137,21.631,20.06,21.256,21.678,21.235,21.72,22.919,22.335,21.935,21.578,20.969,20.904,21.126,23.198,23.523,22.57,22.489,22.236,23.713,22.166,23.505,20.692,22.67,22.991,21.86,21.409,22.555,22.994
Korea,R&D Seongnam,Near-Surface Specific Humidity,g/kg,Spec Humidity (g/kg),7.511,7.841,7.951,8.224,8.134,7.949,8.288,8.174,7.319,7.693,7.988,8.343,8.373,8.499,8.67,8.618,7.403,7.821,7.731,8.151,8.403,8.865,9.301,9.532,7.51,7.652,8.139,8.568,8.82,9.219,9.86,10.433
Korea,R&D Seongnam,Surface Downwelling SW Rad,W/m2,Solar Rad (rsds W/m2),176.964,183.44,185.376,188.682,185.513,189.261,186.914,188.746,177.267,177.46,179.758,183.358,184.867,183.907,187.388,187.133,173.507,170.86,170.317,172.491,174.915,177.051,176.366,178.794,175.37,179.683,181.328,182.082,184.915,186.74,186.895,187.885
Korea,Pohang Plant,Daily Max Temperature,degC,Heat Wave (Tmax C),14.941,15.654,15.865,16.251,16.104,16.058,16.492,16.338,14.771,15.214,15.889,16.604,16.682,16.838,17.291,17.074,14.815,15.694,15.476,16.279,16.831,17.68,18.243,18.797,14.893,15.529,16.285,17.007,17.504,18.342,19.31,20.14
Korea,Pohang Plant,Daily Min Temperature,degC,Cold Wave (Tmin C),11.266,12.003,12.234,12.624,12.49,12.409,12.856,12.721,11.059,11.661,12.298,12.952,13.047,13.211,13.601,13.409,11.109,12.015,11.83,12.569,13.073,13.979,14.629,15.136,11.242,11.825,12.616,13.331,13.874,14.664,15.636,16.49
Korea,Pohang Plant,Near-Surface Air Temperature,degC,Mean Temp (Tas C),13.193,13.907,14.133,14.507,14.368,14.326,14.752,14.607,13.002,13.506,14.165,14.863,14.945,15.098,15.531,15.32,13.042,13.92,13.73,14.5,15.035,15.899,16.494,17.022,13.142,13.774,14.527,15.241,15.753,16.579,17.524,18.368
Korea,Pohang Plant,Precipitation,mm/day,Heavy Rain (Pr mm/day),4.024,3.714,3.983,3.458,4.422,3.645,4.124,4.322,3.386,3.696,4.322,4.102,4.146,3.663,3.837,3.597,3.222,4.058,3.761,3.766,3.981,4.066,4.773,4.471,3.781,3.555,4.088,4.141,4.303,4.186,4.5,4.867
Korea,Pohang Plant,Evapotranspiration,mm/day,Drought (Evap mm/day),2.972,3.112,3.217,3.188,3.212,3.202,3.206,3.284,3.052,3.032,3.078,3.202,3.176,3.136,3.252,3.232,2.928,3.026,3.03,2.989,3.119,3.146,3.119,3.26,2.996,3.066,3.095,3.232,3.154,3.298,3.328,3.384
Korea,Pohang Plant,Snowfall Flux,mm/day,Snowfall (Prsn mm/day),0.03,0.026,0.023,0.019,0.014,0.018,0.017,0.016,0.02,0.017,0.015,0.016,0.014,0.012,0.009,0.011,0.038,0.013,0.021,0.015,0.012,0.011,0.004,0.006,0.034,0.017,0.011,0.012,0.013,0.006,0.005,0.003
Korea,Pohang Plant,Near-Surface Wind Speed,m/s,Wind Speed (m/s),4.052,4.051,4.142,4.105,4.13,4.042,4.042,4.119,4.123,4.063,3.979,4.018,3.975,3.99,4.004,4.072,4.004,4.049,4.102,3.974,4.047,3.972,3.894,3.956,4.139,4.135,4.039,4.108,4.021,3.977,3.986,3.981
Korea,Pohang Plant,Sea Surface Height Anomaly,cm,Sea Level (cm),17.966,19.105,17.326,16.065,16.009,15.913,15.429,15.042,18.614,17.401,17.262,17.009,16.143,13.829,13.202,13.073,18.151,18.706,17.533,16.934,15.155,15.108,15.401,14.628,18.357,17.846,17.388,16.473,14.952,16.207,14.965,15.145
Korea,Pohang Plant,Total Runoff,mm/day,Runoff (mrro mm/day),1.743,1.283,1.558,1.015,1.973,1.213,1.616,1.847,1.088,1.399,1.93,1.683,1.703,1.23,1.48,1.096,0.992,1.708,1.541,1.504,1.67,1.709,2.461,2.176,1.481,1.272,1.666,1.78,1.897,1.806,2.098,2.426
Korea,Pohang Plant,Soil Moisture upper layer,kg/m2,Soil Moisture (kg/m2),24.458,23.727,24.025,23.168,23.775,22.704,24.056,23.935,23.796,24.322,24.521,24.18,23.983,23.5,23.684,23.329,23.91,24.844,24.291,24.527,24.38,24.306,25.072,24.553,24.329,22.712,23.468,24.527,24.106,24.246,24.299,24.739
Korea,Pohang Plant,Near-Surface Specific Humidity,g/kg,Spec Humidity (g/kg),8.318,8.681,8.865,9.039,8.935,8.826,9.208,9.081,8.203,8.506,8.884,9.231,9.27,9.404,9.607,9.482,8.257,8.75,8.662,9.111,9.328,9.87,10.341,10.617,8.356,8.587,8.976,9.477,9.809,10.237,10.894,11.504
Korea,Pohang Plant,Surface Downwelling SW Rad,W/m2,Solar Rad (rsds W/m2),171.021,177.749,179.986,182.115,181.976,184.639,181.686,183.472,171.775,170.091,174.541,178.356,179.889,180.305,182.983,182.293,168.542,165.985,164.128,167.916,171.221,172.744,171.962,175.687,168.82,174.241,176.069,176.304,179.965,182.583,183.22,184.61
Korea,Gunsan Plant,Daily Max Temperature,degC,Heat Wave (Tmax C),13.871,14.587,14.771,15.329,15.148,14.955,15.45,15.236,13.553,14.179,14.735,15.491,15.512,15.774,16.225,16.074,13.643,14.434,14.218,15.03,15.628,16.423,17.014,17.455,13.79,14.308,15.229,15.862,16.319,17.176,18.142,18.931
Korea,Gunsan Plant,Daily Min Temperature,degC,Cold Wave (Tmin C),10.948,11.749,11.913,12.457,12.322,12.144,12.592,12.424,10.612,11.337,11.912,12.632,12.675,12.945,13.337,13.208,10.723,11.489,11.314,12.083,12.659,13.509,14.199,14.635,10.884,11.369,12.33,12.989,13.52,14.357,15.326,16.141
Korea,Gunsan Plant,Near-Surface Air Temperature,degC,Mean Temp (Tas C),12.465,13.213,13.395,13.948,13.782,13.602,14.072,13.884,12.131,12.816,13.374,14.11,14.146,14.397,14.83,14.683,12.233,13.004,12.806,13.599,14.189,15.002,15.637,16.069,12.39,12.893,13.817,14.457,14.959,15.792,16.755,17.55
Korea,Gunsan Plant,Precipitation,mm/day,Heavy Rain (Pr mm/day),3.134,2.988,3.123,2.578,3.205,2.76,2.953,3.299,2.656,2.823,3.325,3.271,3.173,3.08,2.747,2.789,2.444,3.004,2.878,3.156,3.014,3.266,3.547,3.304,2.839,2.552,3.365,3.346,3.312,3.385,3.544,3.599
Korea,Gunsan Plant,Evapotranspiration,mm/day,Drought (Evap mm/day),2.458,2.569,2.652,2.651,2.671,2.639,2.665,2.709,2.446,2.46,2.517,2.646,2.632,2.634,2.694,2.708,2.345,2.405,2.409,2.427,2.512,2.568,2.625,2.704,2.445,2.48,2.556,2.678,2.686,2.795,2.855,2.926
Korea,Gunsan Plant,Snowfall Flux,mm/day,Snowfall (Prsn mm/day),0.029,0.021,0.022,0.021,0.016,0.019,0.019,0.019,0.027,0.019,0.015,0.015,0.017,0.012,0.01,0.012,0.03,0.015,0.02,0.017,0.013,0.008,0.004,0.008,0.033,0.02,0.012,0.014,0.015,0.005,0.004,0.003
Korea,Gunsan Plant,Near-Surface Wind Speed,m/s,Wind Speed (m/s),4.237,4.255,4.298,4.256,4.271,4.217,4.222,4.238,4.284,4.157,4.13,4.17,4.147,4.16,4.151,4.239,4.141,4.158,4.202,4.108,4.185,4.059,4.057,4.062,4.274,4.299,4.163,4.231,4.182,4.159,4.104,4.117
Korea,Gunsan Plant,Sea Surface Height Anomaly,cm,Sea Level (cm),34.831,36.339,34.633,32.658,33.894,35.038,34.093,33.876,35.177,35.088,35.591,35.362,34.006,31.621,31.741,30.386,35.789,37.38,36.44,35.45,34.061,34.455,36.947,37.752,34.61,35.229,34.933,35.317,33.283,36.089,36.184,37.323
Korea,Gunsan Plant,Total Runoff,mm/day,Runoff (mrro mm/day),0.63,0.502,0.561,0.217,0.613,0.337,0.418,0.679,0.308,0.407,0.765,0.687,0.64,0.529,0.332,0.268,0.216,0.481,0.499,0.714,0.569,0.779,0.982,0.783,0.459,0.233,0.873,0.72,0.788,0.781,0.927,0.919
Korea,Gunsan Plant,Soil Moisture upper layer,kg/m2,Soil Moisture (kg/m2),25.834,24.402,25.153,22.611,24.694,23.074,24.181,24.922,24.458,24.812,26.243,25.622,25.19,24.681,23.683,23.299,24.09,26.24,25.777,25.837,25.217,25.11,26.649,25.792,25.045,23.332,24.579,26.129,25.079,25.374,25.574,25.855
Korea,Gunsan Plant,Near-Surface Specific Humidity,g/kg,Spec Humidity (g/kg),7.842,8.197,8.333,8.551,8.498,8.31,8.658,8.561,7.67,8.046,8.375,8.712,8.74,8.901,9.058,8.97,7.744,8.186,8.091,8.519,8.785,9.255,9.713,9.953,7.841,8.011,8.486,8.94,9.218,9.641,10.289,10.857
Korea,Gunsan Plant,Surface Downwelling SW Rad,W/m2,Solar Rad (rsds W/m2),176.433,181.812,184.269,186.247,184.806,186.754,185.469,186.836,176.505,176.035,178.193,181.424,183.692,182.108,187.462,185.613,172.86,171.814,169.645,172.127,175.302,178.006,176.041,178.202,174.795,179.1,180.758,180.208,183.381,184.496,186.419,187.384
Korea,Iksan Plant,Daily Max Temperature,degC,Heat Wave (Tmax C),13.871,14.587,14.771,15.329,15.148,14.955,15.45,15.236,13.553,14.179,14.735,15.491,15.512,15.774,16.225,16.074,13.643,14.434,14.218,15.03,15.628,16.423,17.014,17.455,13.79,14.308,15.229,15.862,16.319,17.176,18.142,18.931
Korea,Iksan Plant,Daily Min Temperature,degC,Cold Wave (Tmin C),10.948,11.749,11.913,12.457,12.322,12.144,12.592,12.424,10.612,11.337,11.912,12.632,12.675,12.945,13.337,13.208,10.723,11.489,11.314,12.083,12.659,13.509,14.199,14.635,10.884,11.369,12.33,12.989,13.52,14.357,15.326,16.141
Korea,Iksan Plant,Near-Surface Air Temperature,degC,Mean Temp (Tas C),12.465,13.213,13.395,13.948,13.782,13.602,14.072,13.884,12.131,12.816,13.374,14.11,14.146,14.397,14.83,14.683,12.233,13.004,12.806,13.599,14.189,15.002,15.637,16.069,12.39,12.893,13.817,14.457,14.959,15.792,16.755,17.55
Korea,Iksan Plant,Precipitation,mm/day,Heavy Rain (Pr mm/day),3.134,2.988,3.123,2.578,3.205,2.76,2.953,3.299,2.656,2.823,3.325,3.271,3.173,3.08,2.747,2.789,2.444,3.004,2.878,3.156,3.014,3.266,3.547,3.304,2.839,2.552,3.365,3.346,3.312,3.385,3.544,3.599
Korea,Iksan Plant,Evapotranspiration,mm/day,Drought (Evap mm/day),2.458,2.569,2.652,2.651,2.671,2.639,2.665,2.709,2.446,2.46,2.517,2.646,2.632,2.634,2.694,2.708,2.345,2.405,2.409,2.427,2.512,2.568,2.625,2.704,2.445,2.48,2.556,2.678,2.686,2.795,2.855,2.926
Korea,Iksan Plant,Snowfall Flux,mm/day,Snowfall (Prsn mm/day),0.029,0.021,0.022,0.021,0.016,0.019,0.019,0.019,0.027,0.019,0.015,0.015,0.017,0.012,0.01,0.012,0.03,0.015,0.02,0.017,0.013,0.008,0.004,0.008,0.033,0.02,0.012,0.014,0.015,0.005,0.004,0.003
Korea,Iksan Plant,Near-Surface Wind Speed,m/s,Wind Speed (m/s),4.237,4.255,4.298,4.256,4.271,4.217,4.222,4.238,4.284,4.157,4.13,4.17,4.147,4.16,4.151,4.239,4.141,4.158,4.202,4.108,4.185,4.059,4.057,4.062,4.274,4.299,4.163,4.231,4.182,4.159,4.104,4.117
Korea,Iksan Plant,Sea Surface Height Anomaly,cm,Sea Level (cm),37.343,38.865,37.101,35.25,36.445,37.694,36.517,36.509,37.713,37.606,38.064,37.892,36.474,34.264,34.412,33.038,38.309,39.838,38.947,37.919,36.542,37.036,39.429,40.215,37.069,37.769,37.284,37.867,35.944,38.705,38.734,39.947
Korea,Iksan Plant,Total Runoff,mm/day,Runoff (mrro mm/day),0.63,0.502,0.561,0.217,0.613,0.337,0.418,0.679,0.308,0.407,0.765,0.687,0.64,0.529,0.332,0.268,0.216,0.481,0.499,0.714,0.569,0.779,0.982,0.783,0.459,0.233,0.873,0.72,0.788,0.781,0.927,0.919
Korea,Iksan Plant,Soil Moisture upper layer,kg/m2,Soil Moisture (kg/m2),25.834,24.402,25.153,22.611,24.694,23.074,24.181,24.922,24.458,24.812,26.243,25.622,25.19,24.681,23.683,23.299,24.09,26.24,25.777,25.837,25.217,25.11,26.649,25.792,25.045,23.332,24.579,26.129,25.079,25.374,25.574,25.855
Korea,Iksan Plant,Near-Surface Specific Humidity,g/kg,Spec Humidity (g/kg),7.842,8.197,8.333,8.551,8.498,8.31,8.658,8.561,7.67,8.046,8.375,8.712,8.74,8.901,9.058,8.97,7.744,8.186,8.091,8.519,8.785,9.255,9.713,9.953,7.841,8.011,8.486,8.94,9.218,9.641,10.289,10.857
Korea,Iksan Plant,Surface Downwelling SW Rad,W/m2,Solar Rad (rsds W/m2),176.433,181.812,184.269,186.247,184.806,186.754,185.469,186.836,176.505,176.035,178.193,181.424,183.692,182.108,187.462,185.613,172.86,171.814,169.645,172.127,175.302,178.006,176.041,178.202,174.795,179.1,180.758,180.208,183.381,184.496,186.419,187.384
Korea,Gwangyang Plant,Daily Max Temperature,degC,Heat Wave (Tmax C),15.77,16.499,16.668,17.003,16.909,16.833,17.273,17.188,15.665,16.092,16.731,17.358,17.414,17.537,18.016,17.795,15.624,16.575,16.343,17.014,17.648,18.402,18.897,19.383,15.75,16.286,17.012,17.793,18.087,18.911,19.803,20.574
Korea,Gwangyang Plant,Daily Min Temperature,degC,Cold Wave (Tmin C),14.064,14.796,14.966,15.384,15.232,15.209,15.621,15.514,13.898,14.416,15.035,15.682,15.77,15.888,16.353,16.157,13.879,14.837,14.621,15.313,15.859,16.727,17.273,17.784,13.985,14.583,15.364,16.09,16.509,17.304,18.235,19.029
Korea,Gwangyang Plant,Near-Surface Air Temperature,degC,Mean Temp (Tas C),14.999,15.725,15.894,16.265,16.15,16.094,16.521,16.421,14.863,15.337,15.956,16.596,16.67,16.787,17.27,17.044,14.836,15.784,15.562,16.247,16.846,17.65,18.16,18.657,14.936,15.527,16.261,17.016,17.37,18.187,19.085,19.871
Korea,Gwangyang Plant,Precipitation,mm/day,Heavy Rain (Pr mm/day),4.806,4.462,4.826,4.376,5.17,4.534,5.069,5.234,4.126,4.417,5.011,4.854,5.362,4.935,4.874,4.498,4.203,4.882,4.554,4.844,4.408,5.202,5.74,5.549,4.355,4.383,4.727,5.055,4.969,5.556,5.021,5.689
Korea,Gwangyang Plant,Evapotranspiration,mm/day,Drought (Evap mm/day),3.57,3.777,3.856,3.827,3.931,3.889,3.857,3.982,3.734,3.696,3.724,3.872,3.832,3.784,3.959,3.955,3.561,3.699,3.722,3.648,3.83,3.852,3.792,4.011,3.61,3.733,3.743,3.952,3.791,4.056,4.087,4.174
Korea,Gwangyang Plant,Snowfall Flux,mm/day,Snowfall (Prsn mm/day),0.011,0.005,0.005,0.005,0.003,0.005,0.005,0.005,0.008,0.005,0.005,0.002,0.005,0.002,0.001,0.002,0.01,0.003,0.008,0.008,0.002,0.001,0.001,0.001,0.013,0.006,0.003,0.002,0.003,0.001,0.0,0.0
Korea,Gwangyang Plant,Near-Surface Wind Speed,m/s,Wind Speed (m/s),5.695,5.74,5.769,5.776,5.79,5.644,5.697,5.79,5.789,5.759,5.655,5.68,5.605,5.612,5.613,5.706,5.661,5.726,5.765,5.615,5.729,5.606,5.53,5.539,5.799,5.742,5.685,5.754,5.635,5.565,5.658,5.618
Korea,Gwangyang Plant,Sea Surface Height Anomaly,cm,Sea Level (cm),20.637,21.889,20.204,18.923,19.045,19.154,18.228,18.102,21.258,20.712,19.974,19.928,19.003,16.718,16.189,15.97,20.893,21.598,20.48,19.775,17.907,18.215,18.607,17.886,20.998,20.618,20.212,19.56,17.882,19.408,18.366,18.568
Korea,Gwangyang Plant,Total Runoff,mm/day,Runoff (mrro mm/day),1.743,1.283,1.558,1.015,1.973,1.213,1.616,1.847,1.088,1.399,1.93,1.683,1.703,1.23,1.48,1.096,0.992,1.708,1.541,1.504,1.67,1.709,2.461,2.176,1.481,1.272,1.666,1.78,1.897,1.806,2.098,2.426
Korea,Gwangyang Plant,Soil Moisture upper layer,kg/m2,Soil Moisture (kg/m2),24.458,23.727,24.025,23.168,23.775,22.704,24.056,23.935,23.796,24.322,24.521,24.18,23.983,23.5,23.684,23.329,23.91,24.844,24.291,24.527,24.38,24.306,25.072,24.553,24.329,22.712,23.468,24.527,24.106,24.246,24.299,24.739
Korea,Gwangyang Plant,Near-Surface Specific Humidity,g/kg,Spec Humidity (g/kg),8.621,8.984,9.196,9.357,9.239,9.184,9.536,9.411,8.522,8.83,9.189,9.572,9.572,9.733,9.946,9.81,8.561,9.074,9.002,9.442,9.694,10.263,10.696,11.029,8.653,8.946,9.312,9.827,10.157,10.617,11.321,11.913
Korea,Gwangyang Plant,Surface Downwelling SW Rad,W/m2,Solar Rad (rsds W/m2),171.385,176.692,177.569,180.667,179.702,181.861,178.492,180.878,170.83,170.502,173.535,176.958,177.827,178.768,180.499,181.711,169.44,167.171,164.797,168.217,171.902,173.573,171.435,174.974,170.296,173.806,175.676,176.077,178.341,178.651,181.115,181.397
Korea,Saehan Jeongeup,Daily Max Temperature,degC,Heat Wave (Tmax C),13.871,14.587,14.771,15.329,15.148,14.955,15.45,15.236,13.553,14.179,14.735,15.491,15.512,15.774,16.225,16.074,13.643,14.434,14.218,15.03,15.628,16.423,17.014,17.455,13.79,14.308,15.229,15.862,16.319,17.176,18.142,18.931
Korea,Saehan Jeongeup,Daily Min Temperature,degC,Cold Wave (Tmin C),10.948,11.749,11.913,12.457,12.322,12.144,12.592,12.424,10.612,11.337,11.912,12.632,12.675,12.945,13.337,13.208,10.723,11.489,11.314,12.083,12.659,13.509,14.199,14.635,10.884,11.369,12.33,12.989,13.52,14.357,15.326,16.141
Korea,Saehan Jeongeup,Near-Surface Air Temperature,degC,Mean Temp (Tas C),12.465,13.213,13.395,13.948,13.782,13.602,14.072,13.884,12.131,12.816,13.374,14.11,14.146,14.397,14.83,14.683,12.233,13.004,12.806,13.599,14.189,15.002,15.637,16.069,12.39,12.893,13.817,14.457,14.959,15.792,16.755,17.55
Korea,Saehan Jeongeup,Precipitation,mm/day,Heavy Rain (Pr mm/day),3.134,2.988,3.123,2.578,3.205,2.76,2.953,3.299,2.656,2.823,3.325,3.271,3.173,3.08,2.747,2.789,2.444,3.004,2.878,3.156,3.014,3.266,3.547,3.304,2.839,2.552,3.365,3.346,3.312,3.385,3.544,3.599
Korea,Saehan Jeongeup,Evapotranspiration,mm/day,Drought (Evap mm/day),2.458,2.569,2.652,2.651,2.671,2.639,2.665,2.709,2.446,2.46,2.517,2.646,2.632,2.634,2.694,2.708,2.345,2.405,2.409,2.427,2.512,2.568,2.625,2.704,2.445,2.48,2.556,2.678,2.686,2.795,2.855,2.926
Korea,Saehan Jeongeup,Snowfall Flux,mm/day,Snowfall (Prsn mm/day),0.029,0.021,0.022,0.021,0.016,0.019,0.019,0.019,0.027,0.019,0.015,0.015,0.017,0.012,0.01,0.012,0.03,0.015,0.02,0.017,0.013,0.008,0.004,0.008,0.033,0.02,0.012,0.014,0.015,0.005,0.004,0.003
Korea,Saehan Jeongeup,Near-Surface Wind Speed,m/s,Wind Speed (m/s),4.237,4.255,4.298,4.256,4.271,4.217,4.222,4.238,4.284,4.157,4.13,4.17,4.147,4.16,4.151,4.239,4.141,4.158,4.202,4.108,4.185,4.059,4.057,4.062,4.274,4.299,4.163,4.231,4.182,4.159,4.104,4.117
Korea,Saehan Jeongeup,Sea Surface Height Anomaly,cm,Sea Level (cm),37.343,38.865,37.101,35.25,36.445,37.694,36.517,36.509,37.713,37.606,38.064,37.892,36.474,34.264,34.412,33.038,38.309,39.838,38.947,37.919,36.542,37.036,39.429,40.215,37.069,37.769,37.284,37.867,35.944,38.705,38.734,39.947
Korea,Saehan Jeongeup,Total Runoff,mm/day,Runoff (mrro mm/day),0.63,0.502,0.561,0.217,0.613,0.337,0.418,0.679,0.308,0.407,0.765,0.687,0.64,0.529,0.332,0.268,0.216,0.481,0.499,0.714,0.569,0.779,0.982,0.783,0.459,0.233,0.873,0.72,0.788,0.781,0.927,0.919
Korea,Saehan Jeongeup,Soil Moisture upper layer,kg/m2,Soil Moisture (kg/m2),25.834,24.402,25.153,22.611,24.694,23.074,24.181,24.922,24.458,24.812,26.243,25.622,25.19,24.681,23.683,23.299,24.09,26.24,25.777,25.837,25.217,25.11,26.649,25.792,25.045,23.332,24.579,26.129,25.079,25.374,25.574,25.855
Korea,Saehan Jeongeup,Near-Surface Specific Humidity,g/kg,Spec Humidity (g/kg),7.842,8.197,8.333,8.551,8.498,8.31,8.658,8.561,7.67,8.046,8.375,8.712,8.74,8.901,9.058,8.97,7.744,8.186,8.091,8.519,8.785,9.255,9.713,9.953,7.841,8.011,8.486,8.94,9.218,9.641,10.289,10.857
Korea,Saehan Jeongeup,Surface Downwelling SW Rad,W/m2,Solar Rad (rsds W/m2),176.433,181.812,184.269,186.247,184.806,186.754,185.469,186.836,176.505,176.035,178.193,181.424,183.692,182.108,187.462,185.613,172.86,171.814,169.645,172.127,175.302,178.006,176.041,178.202,174.795,179.1,180.758,180.208,183.381,184.496,186.419,187.384
China,OCI Shanghai,Daily Max Temperature,degC,Heat Wave (Tmax C),18.378,19.036,19.324,19.453,19.594,19.113,19.959,19.673,18.348,18.624,19.314,19.872,19.89,20.286,20.756,20.372,18.238,18.941,19.085,19.632,20.495,20.991,21.567,22.045,18.384,18.784,19.624,20.28,20.763,21.676,22.405,23.239
China,OCI Shanghai,Daily Min Temperature,degC,Cold Wave (Tmin C),14.334,15.06,15.371,15.479,15.733,15.328,16.001,15.774,14.306,14.635,15.274,15.855,15.79,16.213,16.653,16.412,14.134,14.852,14.91,15.459,16.226,16.715,17.378,17.91,14.307,14.725,15.515,16.199,16.638,17.595,18.296,19.133
China,OCI Shanghai,Near-Surface Air Temperature,degC,Mean Temp (Tas C),16.316,17.006,17.303,17.424,17.616,17.184,17.929,17.674,16.272,16.58,17.25,17.81,17.773,18.196,18.641,18.33,16.12,16.839,16.926,17.467,18.292,18.765,19.38,19.874,16.299,16.713,17.507,18.179,18.626,19.546,20.248,21.091
China,OCI Shanghai,Precipitation,mm/day,Heavy Rain (Pr mm/day),4.734,5.042,5.31,5.545,5.177,5.793,5.185,5.379,4.946,5.075,5.191,5.494,4.741,4.915,5.175,5.988,4.944,5.403,5.625,5.376,5.318,4.861,5.8,5.441,4.868,4.786,4.96,5.153,5.06,5.616,5.83,5.917
China,OCI Shanghai,Evapotranspiration,mm/day,Drought (Evap mm/day),2.952,3.038,3.158,3.17,3.196,3.089,3.272,3.214,2.902,2.895,2.943,3.101,3.115,3.123,3.233,3.22,2.784,2.819,2.848,2.881,2.997,3.008,3.038,3.136,2.944,2.948,3.001,3.089,3.124,3.219,3.262,3.409
China,OCI Shanghai,Snowfall Flux,mm/day,Snowfall (Prsn mm/day),0.001,0.001,0.003,0.001,0.0,0.006,0.0,0.0,0.002,0.001,0.001,0.0,0.001,0.0,0.002,0.0,0.001,0.001,0.001,0.001,0.005,0.0,0.0,0.0,0.002,0.002,0.0,0.0,0.0,0.0,0.0,0.0
China,OCI Shanghai,Near-Surface Wind Speed,m/s,Wind Speed (m/s),3.495,3.524,3.576,3.489,3.55,3.492,3.545,3.503,3.508,3.496,3.488,3.46,3.463,3.469,3.437,3.498,3.438,3.473,3.475,3.472,3.421,3.34,3.38,3.417,3.512,3.558,3.439,3.509,3.465,3.456,3.472,3.467
China,OCI Shanghai,Sea Surface Height Anomaly,cm,Sea Level (cm),33.742,35.458,33.857,32.637,33.29,34.407,31.611,33.211,34.606,35.262,33.528,34.19,32.797,30.037,30.228,29.64,34.559,36.211,34.49,33.953,31.29,32.234,34.466,33.915,33.331,34.132,33.563,34.105,31.905,34.766,34.358,34.631
China,OCI Shanghai,Total Runoff,mm/day,Runoff (mrro mm/day),1.941,2.229,2.323,2.573,2.237,2.875,2.085,2.392,2.263,2.335,2.48,2.534,1.912,1.971,2.15,3.027,2.293,2.77,2.991,2.665,2.554,2.072,2.963,2.593,2.114,2.001,2.156,2.304,2.127,2.652,2.813,2.866
China,OCI Shanghai,Soil Moisture upper layer,kg/m2,Soil Moisture (kg/m2),30.247,30.046,30.06,30.115,29.969,30.731,29.555,30.168,30.358,30.448,29.806,30.878,29.675,29.618,30.165,30.492,31.06,31.212,31.22,30.848,30.428,30.185,31.005,30.178,30.629,29.71,29.918,29.942,29.661,30.522,30.149,30.261
China,OCI Shanghai,Near-Surface Specific Humidity,g/kg,Spec Humidity (g/kg),10.226,10.677,10.878,10.964,11.106,10.868,11.244,11.179,10.219,10.476,10.819,11.26,11.175,11.48,11.762,11.595,10.239,10.7,10.783,11.091,11.533,11.941,12.501,12.825,10.269,10.476,10.985,11.461,11.817,12.499,13.095,13.735
China,OCI Shanghai,Surface Downwelling SW Rad,W/m2,Solar Rad (rsds W/m2),162.263,166.604,170.559,174.369,174.027,170.5,177.982,174.568,157.529,158.641,162.307,167.575,171.037,170.979,175.04,173.138,153.161,150.09,151.258,154.544,159.369,162.428,159.598,163.559,161.329,161.459,164.788,165.796,167.981,168.953,171.402,175.19
China,Shandong OCI (ZZ),Daily Max Temperature,degC,Heat Wave (Tmax C),20.206,21.034,21.324,21.756,20.853,21.214,21.802,21.068,19.894,19.953,20.785,21.878,21.472,22.062,22.934,22.415,19.531,19.877,20.256,20.978,22.115,22.385,22.406,23.551,19.851,20.281,21.684,21.933,22.716,23.111,24.447,25.069
China,Shandong OCI (ZZ),Daily Min Temperature,degC,Cold Wave (Tmin C),10.824,11.459,11.741,11.934,11.706,11.716,12.204,11.926,10.576,10.93,11.597,12.181,12.116,12.683,13.032,12.799,10.343,10.855,11.034,11.703,12.482,13.003,13.391,14.109,10.577,11.14,11.956,12.448,13.195,13.907,14.877,15.548
China,Shandong OCI (ZZ),Near-Surface Air Temperature,degC,Mean Temp (Tas C),15.371,16.111,16.401,16.717,16.118,16.338,16.827,16.348,15.078,15.305,16.044,16.835,16.626,17.218,17.843,17.443,14.76,15.173,15.442,16.122,17.121,17.513,17.695,18.617,15.053,15.538,16.626,17.026,17.784,18.331,19.496,20.106
China,Shandong OCI (ZZ),Precipitation,mm/day,Heavy Rain (Pr mm/day),2.165,2.073,2.124,2.127,2.867,2.356,2.717,2.704,1.94,2.299,2.281,2.509,2.644,2.683,2.246,2.646,2.396,2.309,2.382,2.577,2.295,2.631,3.113,2.788,2.318,2.463,2.307,2.37,2.518,3.087,2.594,3.122
China,Shandong OCI (ZZ),Evapotranspiration,mm/day,Drought (Evap mm/day),2.0,2.007,2.099,2.02,2.528,2.202,2.344,2.432,1.895,2.133,2.206,2.243,2.391,2.421,2.158,2.341,2.091,2.197,2.182,2.167,2.07,2.288,2.514,2.437,2.154,2.259,2.046,2.239,2.291,2.543,2.349,2.686
China,Shandong OCI (ZZ),Snowfall Flux,mm/day,Snowfall (Prsn mm/day),0.083,0.091,0.055,0.069,0.057,0.063,0.062,0.088,0.12,0.113,0.055,0.037,0.096,0.05,0.04,0.028,0.08,0.09,0.059,0.067,0.034,0.023,0.03,0.021,0.096,0.048,0.07,0.046,0.033,0.028,0.023,0.004
China,Shandong OCI (ZZ),Near-Surface Wind Speed,m/s,Wind Speed (m/s),2.814,2.891,2.886,2.892,2.779,2.825,2.838,2.817,2.882,2.84,2.81,2.805,2.831,2.869,2.876,2.817,2.777,2.77,2.78,2.8,2.864,2.784,2.739,2.751,2.808,2.815,2.86,2.838,2.781,2.825,2.817,2.775
China,Shandong OCI (ZZ),Sea Surface Height Anomaly,cm,Sea Level (cm),,,,,,,,,,,,,,,,,,,,,,,,,,,,,,,,
China,Shandong OCI (ZZ),Total Runoff,mm/day,Runoff (mrro mm/day),0.131,0.044,0.1,0.094,0.326,0.151,0.357,0.33,0.026,0.136,0.088,0.277,0.254,0.29,0.098,0.239,0.261,0.158,0.218,0.434,0.167,0.38,0.553,0.41,0.164,0.182,0.272,0.126,0.266,0.539,0.227,0.429
China,Shandong OCI (ZZ),Soil Moisture upper layer,kg/m2,Soil Moisture (kg/m2),17.942,17.328,17.489,16.648,19.679,17.832,18.44,19.139,17.666,19.294,18.57,18.001,19.13,19.207,17.057,18.101,19.017,19.417,19.557,19.522,17.991,19.631,21.286,19.74,18.521,19.061,17.228,18.245,19.115,20.321,18.646,20.568
China,Shandong OCI (ZZ),Near-Surface Specific Humidity,g/kg,Spec Humidity (g/kg),7.342,7.422,7.701,7.618,8.434,7.813,8.22,8.25,7.258,7.636,8.008,8.149,8.34,8.491,8.219,8.464,7.622,8.059,8.12,8.349,8.337,8.939,9.719,9.754,7.537,7.863,7.715,8.327,8.669,9.418,9.464,10.39
China,Shandong OCI (ZZ),Surface Downwelling SW Rad,W/m2,Solar Rad (rsds W/m2),186.451,193.12,196.643,201.074,196.975,200.603,201.412,198.286,180.332,184.144,186.778,192.723,194.148,195.292,198.982,198.56,175.311,170.893,173.663,175.108,178.952,178.79,176.538,181.727,182.691,183.748,190.265,189.776,190.884,189.494,192.297,193.914
China,MaSteel OCI (MAS),Daily Max Temperature,degC,Heat Wave (Tmax C),19.194,19.843,20.037,20.268,20.327,20.034,20.875,20.309,18.967,19.155,19.925,20.72,20.751,21.287,21.661,21.305,18.785,19.507,19.667,20.271,21.213,21.871,22.19,23.057,19.204,19.719,20.624,21.006,21.802,22.462,23.469,24.308
China,MaSteel OCI (MAS),Daily Min Temperature,degC,Cold Wave (Tmin C),10.937,11.566,11.81,11.91,12.173,11.89,12.353,12.191,10.812,11.186,11.812,12.323,12.297,12.897,13.034,12.867,10.754,11.471,11.534,12.07,12.653,13.267,13.974,14.502,10.979,11.464,12.083,12.646,13.267,14.155,14.976,15.721
China,MaSteel OCI (MAS),Near-Surface Air Temperature,degC,Mean Temp (Tas C),14.886,15.558,15.763,15.921,16.099,15.816,16.445,16.1,14.696,15.028,15.721,16.33,16.337,16.937,17.18,16.914,14.556,15.32,15.392,15.934,16.749,17.335,17.861,18.535,14.925,15.414,16.186,16.649,17.337,18.103,19.007,19.775
China,MaSteel OCI (MAS),Precipitation,mm/day,Heavy Rain (Pr mm/day),4.107,4.317,4.722,4.512,4.749,4.921,4.656,5.546,4.313,4.838,4.823,4.436,4.733,4.805,4.602,4.77,4.415,4.588,4.647,4.839,4.53,4.375,5.224,4.719,4.178,4.359,4.475,4.586,4.556,5.425,5.109,5.383
China,MaSteel OCI (MAS),Evapotranspiration,mm/day,Drought (Evap mm/day),2.962,3.028,3.153,3.189,3.187,3.131,3.252,3.238,2.895,2.954,3.008,3.142,3.14,3.127,3.217,3.222,2.845,2.816,2.858,2.932,2.981,2.999,3.099,3.095,2.879,2.898,2.988,3.048,3.111,3.213,3.237,3.375
China,MaSteel OCI (MAS),Snowfall Flux,mm/day,Snowfall (Prsn mm/day),0.051,0.039,0.064,0.053,0.041,0.029,0.017,0.053,0.079,0.068,0.025,0.033,0.017,0.014,0.017,0.034,0.07,0.042,0.035,0.056,0.03,0.015,0.007,0.01,0.036,0.052,0.022,0.054,0.015,0.016,0.016,0.0
China,MaSteel OCI (MAS),Near-Surface Wind Speed,m/s,Wind Speed (m/s),2.574,2.629,2.63,2.591,2.612,2.616,2.618,2.602,2.63,2.591,2.564,2.553,2.566,2.589,2.559,2.593,2.57,2.598,2.573,2.569,2.559,2.494,2.527,2.539,2.628,2.651,2.595,2.609,2.569,2.571,2.621,2.572
China,MaSteel OCI (MAS),Sea Surface Height Anomaly,cm,Sea Level (cm),,,,,,,,,,,,,,,,,,,,,,,,,,,,,,,,
China,MaSteel OCI (MAS),Total Runoff,mm/day,Runoff (mrro mm/day),1.088,1.305,1.547,1.342,1.607,1.798,1.422,2.276,1.407,1.845,1.826,1.281,1.684,1.671,1.376,1.592,1.531,1.798,1.83,1.918,1.526,1.387,2.126,1.702,1.34,1.373,1.539,1.501,1.492,2.165,1.876,2.045
China,MaSteel OCI (MAS),Soil Moisture upper layer,kg/m2,Soil Moisture (kg/m2),28.744,28.302,28.851,28.413,28.839,28.969,28.22,29.76,29.226,29.788,29.638,29.062,28.527,28.619,28.348,28.404,30.202,29.931,30.365,30.24,29.087,28.685,30.3,28.39,28.606,28.195,27.99,28.733,28.044,29.788,28.48,28.974
China,MaSteel OCI (MAS),Near-Surface Specific Humidity,g/kg,Spec Humidity (g/kg),9.532,9.8,10.102,10.107,10.315,10.065,10.397,10.443,9.503,9.822,10.165,10.481,10.404,10.644,10.744,10.7,9.684,10.057,10.211,10.563,10.71,11.096,11.776,11.901,9.54,9.715,10.082,10.579,10.924,11.687,12.051,12.762
China,MaSteel OCI (MAS),Surface Downwelling SW Rad,W/m2,Solar Rad (rsds W/m2),172.746,177.939,181.125,185.673,184.197,183.634,188.689,183.87,167.817,167.927,171.168,178.007,180.498,180.675,184.649,185.173,161.288,158.565,159.641,161.363,167.154,169.064,166.332,171.528,169.185,171.995,175.688,175.199,178.675,176.38,180.749,183.148
China,Jianyang Carbon (ZZ),Daily Max Temperature,degC,Heat Wave (Tmax C),20.206,21.034,21.324,21.756,20.853,21.214,21.802,21.068,19.894,19.953,20.785,21.878,21.472,22.062,22.934,22.415,19.531,19.877,20.256,20.978,22.115,22.385,22.406,23.551,19.851,20.281,21.684,21.933,22.716,23.111,24.447,25.069
China,Jianyang Carbon (ZZ),Daily Min Temperature,degC,Cold Wave (Tmin C),10.824,11.459,11.741,11.934,11.706,11.716,12.204,11.926,10.576,10.93,11.597,12.181,12.116,12.683,13.032,12.799,10.343,10.855,11.034,11.703,12.482,13.003,13.391,14.109,10.577,11.14,11.956,12.448,13.195,13.907,14.877,15.548
China,Jianyang Carbon (ZZ),Near-Surface Air Temperature,degC,Mean Temp (Tas C),15.371,16.111,16.401,16.717,16.118,16.338,16.827,16.348,15.078,15.305,16.044,16.835,16.626,17.218,17.843,17.443,14.76,15.173,15.442,16.122,17.121,17.513,17.695,18.617,15.053,15.538,16.626,17.026,17.784,18.331,19.496,20.106
China,Jianyang Carbon (ZZ),Precipitation,mm/day,Heavy Rain (Pr mm/day),2.165,2.073,2.124,2.127,2.867,2.356,2.717,2.704,1.94,2.299,2.281,2.509,2.644,2.683,2.246,2.646,2.396,2.309,2.382,2.577,2.295,2.631,3.113,2.788,2.318,2.463,2.307,2.37,2.518,3.087,2.594,3.122
China,Jianyang Carbon (ZZ),Evapotranspiration,mm/day,Drought (Evap mm/day),2.0,2.007,2.099,2.02,2.528,2.202,2.344,2.432,1.895,2.133,2.206,2.243,2.391,2.421,2.158,2.341,2.091,2.197,2.182,2.167,2.07,2.288,2.514,2.437,2.154,2.259,2.046,2.239,2.291,2.543,2.349,2.686
China,Jianyang Carbon (ZZ),Snowfall Flux,mm/day,Snowfall (Prsn mm/day),0.083,0.091,0.055,0.069,0.057,0.063,0.062,0.088,0.12,0.113,0.055,0.037,0.096,0.05,0.04,0.028,0.08,0.09,0.059,0.067,0.034,0.023,0.03,0.021,0.096,0.048,0.07,0.046,0.033,0.028,0.023,0.004
China,Jianyang Carbon (ZZ),Near-Surface Wind Speed,m/s,Wind Speed (m/s),2.814,2.891,2.886,2.892,2.779,2.825,2.838,2.817,2.882,2.84,2.81,2.805,2.831,2.869,2.876,2.817,2.777,2.77,2.78,2.8,2.864,2.784,2.739,2.751,2.808,2.815,2.86,2.838,2.781,2.825,2.817,2.775
China,Jianyang Carbon (ZZ),Sea Surface Height Anomaly,cm,Sea Level (cm),,,,,,,,,,,,,,,,,,,,,,,,,,,,,,,,
China,Jianyang Carbon (ZZ),Total Runoff,mm/day,Runoff (mrro mm/day),0.131,0.044,0.1,0.094,0.326,0.151,0.357,0.33,0.026,0.136,0.088,0.277,0.254,0.29,0.098,0.239,0.261,0.158,0.218,0.434,0.167,0.38,0.553,0.41,0.164,0.182,0.272,0.126,0.266,0.539,0.227,0.429
China,Jianyang Carbon (ZZ),Soil Moisture upper layer,kg/m2,Soil Moisture (kg/m2),17.942,17.328,17.489,16.648,19.679,17.832,18.44,19.139,17.666,19.294,18.57,18.001,19.13,19.207,17.057,18.101,19.017,19.417,19.557,19.522,17.991,19.631,21.286,19.74,18.521,19.061,17.228,18.245,19.115,20.321,18.646,20.568
China,Jianyang Carbon (ZZ),Near-Surface Specific Humidity,g/kg,Spec Humidity (g/kg),7.342,7.422,7.701,7.618,8.434,7.813,8.22,8.25,7.258,7.636,8.008,8.149,8.34,8.491,8.219,8.464,7.622,8.059,8.12,8.349,8.337,8.939,9.719,9.754,7.537,7.863,7.715,8.327,8.669,9.418,9.464,10.39
China,Jianyang Carbon (ZZ),Surface Downwelling SW Rad,W/m2,Solar Rad (rsds W/m2),186.451,193.12,196.643,201.074,196.975,200.603,201.412,198.286,180.332,184.144,186.778,192.723,194.148,195.292,198.982,198.56,175.311,170.893,173.663,175.108,178.952,178.79,176.538,181.727,182.691,183.748,190.265,189.776,190.884,189.494,192.297,193.914
Japan,OCI Japan Tokyo,Daily Max Temperature,degC,Heat Wave (Tmax C),16.184,16.633,17.014,17.43,17.182,17.081,17.554,17.365,15.846,16.275,17.075,17.758,17.947,17.924,18.415,18.16,15.961,16.769,16.783,17.59,18.049,18.903,19.576,20.102,16.135,16.497,17.389,18.183,18.719,19.569,20.57,21.542
Japan,OCI Japan Tokyo,Daily Min Temperature,degC,Cold Wave (Tmin C),11.284,11.804,12.147,12.564,12.359,12.259,12.66,12.523,11.047,11.561,12.216,12.85,12.961,13.046,13.446,13.308,11.109,11.869,11.912,12.717,13.033,13.888,14.568,15.057,11.26,11.695,12.475,13.206,13.769,14.514,15.393,16.392
Japan,OCI Japan Tokyo,Near-Surface Air Temperature,degC,Mean Temp (Tas C),13.705,14.189,14.559,14.973,14.762,14.648,15.09,14.91,14.387,14.984,14.712,15.167,15.414,15.687,15.912,15.686,13.502,14.304,14.311,15.112,15.495,16.345,17.01,17.503,13.688,14.081,14.909,15.658,16.19,16.976,17.899,18.87
Japan,OCI Japan Tokyo,Precipitation,mm/day,Heavy Rain (Pr mm/day),5.001,4.888,4.844,5.114,4.956,5.254,5.015,5.036,5.015,5.0,4.828,5.238,4.978,5.501,5.18,4.884,4.59,4.759,4.41,4.872,4.816,5.503,5.379,4.712,4.877,4.911,4.928,5.302,5.039,4.598,4.903,5.38
Japan,OCI Japan Tokyo,Evapotranspiration,mm/day,Drought (Evap mm/day),2.944,3.052,3.118,3.099,3.136,3.184,3.149,3.163,2.998,2.963,3.054,3.108,3.105,2.998,3.096,3.124,2.922,3.032,3.017,3.03,2.987,3.021,3.002,3.055,2.933,3.043,3.078,3.094,2.995,3.089,3.083,3.045
Japan,OCI Japan Tokyo,Snowfall Flux,mm/day,Snowfall (Prsn mm/day),0.044,0.019,0.021,0.03,0.02,0.023,0.02,0.023,0.059,0.031,0.026,0.017,0.011,0.017,0.012,0.012,0.043,0.041,0.032,0.019,0.016,0.009,0.007,0.008,0.038,0.041,0.019,0.019,0.014,0.006,0.005,0.004
Japan,OCI Japan Tokyo,Near-Surface Wind Speed,m/s,Wind Speed (m/s),2.46,2.48,2.469,2.423,2.457,2.477,2.444,2.469,2.504,2.445,2.44,2.457,2.417,2.401,2.422,2.432,2.455,2.49,2.47,2.449,2.4,2.393,2.344,2.343,2.455,2.494,2.46,2.434,2.383,2.398,2.371,2.322
Japan,OCI Japan Tokyo,Sea Surface Height Anomaly,cm,Sea Level (cm),,,,,,,,,,,,,,,,,,,,,,,,,,,,,,,,
Japan,OCI Japan Tokyo,Total Runoff,mm/day,Runoff (mrro mm/day),2.924,2.763,2.659,2.912,2.817,3.059,2.791,2.858,2.97,2.975,2.702,3.053,2.822,3.351,3.029,2.707,2.584,2.704,2.316,2.829,2.735,3.374,3.248,2.561,2.889,2.388,3.145,2.444,2.723,2.484,2.6,2.204
Japan,OCI Japan Tokyo,Soil Moisture upper layer,kg/m2,Soil Moisture (kg/m2),25.098,24.965,24.585,24.827,24.826,24.988,24.803,24.69,25.148,25.149,24.804,25.022,24.711,24.836,24.774,24.873,24.783,24.829,24.51,24.731,24.662,24.859,24.693,24.52,24.833,24.926,24.775,24.775,24.844,24.348,24.398,24.511
Japan,OCI Japan Tokyo,Near-Surface Specific Humidity,g/kg,Spec Humidity (g/kg),9.005,9.254,9.479,9.722,9.563,9.507,9.778,9.657,8.813,9.136,9.522,9.887,9.958,10.055,10.258,10.126,8.915,9.315,9.31,9.82,9.974,10.558,11.015,11.31,9.044,9.194,9.669,10.126,10.497,10.892,11.491,12.243
Japan,OCI Japan Tokyo,Surface Downwelling SW Rad,W/m2,Solar Rad (rsds W/m2),162.239,164.169,167.773,169.366,167.489,168.47,169.567,168.292,159.23,159.379,164.733,166.08,168.926,165.633,169.461,168.138,160.584,160.71,161.865,162.295,165.637,166.587,167.961,169.798,161.614,161.718,165.173,167.047,167.639,170.346,173.537,173.984
Philippines,Philko Makati,Daily Max Temperature,degC,Heat Wave (Tmax C),30.228,30.485,30.851,30.965,31.055,31.151,31.095,31.09,30.221,30.471,30.974,31.331,31.394,31.673,31.924,32.045,30.049,30.619,31.072,31.221,31.867,32.198,32.788,33.218,30.255,30.67,31.121,31.467,32.203,32.782,33.511,34.351
Philippines,Philko Makati,Daily Min Temperature,degC,Cold Wave (Tmin C),26.49,26.707,27.168,27.237,27.338,27.477,27.436,27.426,26.547,26.74,27.223,27.514,27.741,27.901,28.1,28.276,26.401,26.842,27.342,27.439,28.014,28.36,28.797,29.298,26.518,27.022,27.362,27.721,28.371,28.929,29.526,30.19
Philippines,Philko Makati,Near-Surface Air Temperature,degC,Mean Temp (Tas C),28.142,28.391,28.802,28.891,28.982,29.1,29.052,29.037,27.349,27.75,27.853,27.775,28.059,28.195,28.539,28.338,28.007,28.519,28.997,29.124,29.73,30.065,30.58,31.044,28.181,28.628,29.029,29.386,30.073,30.647,31.298,32.046
Philippines,Philko Makati,Precipitation,mm/day,Heavy Rain (Pr mm/day),6.832,6.969,7.158,6.795,7.121,7.268,7.268,7.313,6.777,6.773,6.907,6.918,7.443,7.133,7.345,7.487,6.715,7.025,7.226,7.541,7.057,8.174,7.418,7.671,6.825,6.603,6.743,7.882,7.354,8.496,7.739,7.047
Philippines,Philko Makati,Evapotranspiration,mm/day,Drought (Evap mm/day),3.79,3.838,3.869,3.937,3.933,3.97,3.932,3.947,3.119,3.186,3.162,3.201,3.317,3.19,3.209,3.257,3.807,3.8,3.788,3.782,3.791,3.79,3.719,3.755,3.093,3.076,3.19,3.202,3.187,2.977,3.257,3.149
Philippines,Philko Makati,Snowfall Flux,mm/day,Snowfall (Prsn mm/day),0.0,0.0,0.0,0.0,0.0,0.0,0.0,0.0,0.0,0.0,0.0,0.0,0.0,0.0,0.0,0.0,0.0,0.0,0.0,0.0,0.0,0.0,0.0,0.0,0.0,0.0,0.0,0.0,0.0,0.0,0.0,0.0
Philippines,Philko Makati,Near-Surface Wind Speed,m/s,Wind Speed (m/s),2.798,2.985,2.848,2.979,2.902,2.865,2.791,2.85,0.648,0.641,0.664,0.68,0.684,0.706,0.732,0.737,2.878,2.935,2.758,2.936,2.95,2.922,2.914,2.99,2.888,2.947,2.887,3.009,2.942,2.991,3.055,3.102
Philippines,Philko Makati,Sea Surface Height Anomaly,cm,Sea Level (cm),,,,,,,,,,,,,,,,,,,,,,,,,,,,,,,,
Philippines,Philko Makati,Total Runoff,mm/day,Runoff (mrro mm/day),3.536,3.629,3.729,3.494,3.695,3.862,3.825,3.786,3.497,3.463,3.562,3.686,4.06,3.836,4.022,4.191,3.384,3.773,3.912,4.369,3.876,5.032,4.34,4.654,3.562,3.278,3.459,4.577,4.129,5.336,4.641,4.089
Philippines,Philko Makati,Soil Moisture upper layer,kg/m2,Soil Moisture (kg/m2),23.691,23.251,23.741,23.357,23.884,23.926,24.239,24.201,25.972,26.932,26.493,27.328,27.444,26.526,26.521,27.693,24.351,23.374,24.058,23.221,23.035,23.759,22.916,23.341,23.406,23.768,23.092,23.696,23.201,23.472,22.973,22.197
Philippines,Philko Makati,Near-Surface Specific Humidity,g/kg,Spec Humidity (g/kg),18.567,18.697,19.205,19.191,19.421,19.525,19.502,19.523,18.624,18.753,19.239,19.459,19.796,19.901,20.102,20.304,18.522,18.916,19.437,19.484,20.023,20.476,20.846,21.445,18.551,19.038,19.348,19.777,20.379,20.978,21.529,22.038
Philippines,Philko Makati,Surface Downwelling SW Rad,W/m2,Solar Rad (rsds W/m2),210.091,213.707,212.142,214.9,214.132,213.629,213.245,214.715,208.5,211.392,211.932,213.006,210.273,213.387,214.087,214.577,206.397,208.436,206.107,205.6,207.792,205.361,207.918,204.629,209.248,209.962,211.671,210.764,212.697,211.992,216.175,222.386
